Which country says "こんにちは"?,
Which country says "Aloha"?,
Which country says "Sawadeka"?,
Which country says "Masikati"?,
Where Japan is located?,
Where Zimbabwe is located?,
Where Hawai is located?,
Where Thailand is located?,
How do you say "Hello" in Thailand?,
How do you say "Hello" in Hawai?,
How do you say "Hello" in Zimbabwe?,
How do you say "Hello" in Japan?,
What is the country of this flag?,
What is the country of this flag?,
What is the country of this flag?,
What is the country of this flag?,
What is the country of this flag?,
What is the country of this flag?,
What is the country of this flag?,
What is the country of this flag?,
What is the country of this flag?,
What is the country of this flag?,
What is the country of this flag?,
What is the country of this flag?,